ID,Source,External_ID,URL,Title,Raw_Description,Claimed_Year,Price,Is_DP_Clickbait,Odometer_KM,Tax_Status,Has_BPKB,Has_STNK,Plate_Region,Province,City,Seller_Type,Matched_Brand,Matched_Model,Matched_Variant
1,olx,sim_olx_1435299_0_0,https://www.olx.co.id/item/1435299,Honda Vario 150 eSP 2019 Keyless Mulus Pajak Panjang B DKI,Jual BU vario 150 keyless 2019 bpkb stnk faktur komplit pjk hidup plat B DKI mesin std,2019,18500000.0,False,24000,Hidup / Panjang,True,True,B,DKI Jakarta,Jakarta Selatan,Individual,Honda,Vario,Vario 150 eSP Exclusive / Keyless
2,olx,sim_olx_2125568_0_1,https://www.olx.co.id/item/2125568,Vario 150 2018 Hitam Doff Pajak Off 1x Surat Lengkap,"Kondisi terawat, lecet pemakaian, pjk off 1 thn kaleng 2028, bpkb stnk ada",2018,16000000.0,False,38000,Mati / Off,True,True,,DKI Jakarta,Jakarta Timur,Individual,Honda,Vario,Vario 150 eSP Exclusive / Keyless
3,olx,sim_olx_7044156_0_2,https://www.olx.co.id/item/7044156,Honda Vario 150 2020 Istimewa KM Rendah,"Tangan pertama, km low 12rb, pajak on 10/2026, surat lengkap fullset",2020,20500000.0,False,12000,Hidup / Panjang,True,True,,DKI Jakarta,Jakarta Barat,Individual,Honda,Vario,Vario 150 eSP Exclusive / Keyless
4,olx,sim_olx_1787089_0_3,https://www.olx.co.id/item/1787089,Vario 150 CBS ISS 2017 Led Lama,"Mesin sehat halus, ss lengkap bpkb stnk siap pakai",2017,14500000.0,False,50000,Unknown,True,True,,Jawa Barat,Depok,Individual,Honda,Vario,Vario 150 eSP Exclusive / Keyless
5,olx,sim_olx_418304_0_4,https://www.olx.co.id/item/418304,Honda Vario 150 2021 DP Murah Cuma 1.5jt,"Cukup DP 1.5jt angsuran 900rb x 35 bln, proses cepat data dibantu",2021,1500000.0,True,15000,Unknown,True,True,,Jawa Barat,Bekasi,Individual,Honda,Vario,Vario 150 eSP Exclusive / Keyless
6,olx,sim_olx_8381468_0_5,https://www.olx.co.id/item/8381468,Vario 150 Keyless 2019 Merah Butuh Uang Cepat,Jual cepat BU hari ini 15.2jt net bpkb stnk komplit pajak hidup,2019,15200000.0,False,21000,Hidup / Panjang,True,True,,DKI Jakarta,Jakarta Pusat,Individual,Honda,Vario,Vario 150 eSP Exclusive / Keyless
7,olx,sim_olx_994771_0_18,https://www.olx.co.id/item/994771,Honda PCX 150 Lokal 2019 ABS Gold,"PCX 150 lokal abs 2019 tangan pertama, surat lengkap fullset",2019,22000000.0,False,29000,Unknown,True,True,,DKI Jakarta,Jakarta Pusat,Individual,Honda,PCX,PCX 150 Lokal (CBS / ABS)
8,olx,sim_olx_1435299_1_0,https://www.olx.co.id/item/1435299,Honda Vario 150 eSP 2019 Keyless Mulus Pajak Panjang B DKI,Jual BU vario 150 keyless 2019 bpkb stnk faktur komplit pjk hidup plat B DKI mesin std,2019,18500000.0,False,24000,Hidup / Panjang,True,True,B,DKI Jakarta,Jakarta Selatan,Individual,Honda,Vario,Vario 150 eSP Exclusive / Keyless
9,olx,sim_olx_2125568_1_1,https://www.olx.co.id/item/2125568,Vario 150 2018 Hitam Doff Pajak Off 1x Surat Lengkap,"Kondisi terawat, lecet pemakaian, pjk off 1 thn kaleng 2028, bpkb stnk ada",2018,16000000.0,False,38000,Mati / Off,True,True,,DKI Jakarta,Jakarta Timur,Individual,Honda,Vario,Vario 150 eSP Exclusive / Keyless
10,olx,sim_olx_7044156_1_2,https://www.olx.co.id/item/7044156,Honda Vario 150 2020 Istimewa KM Rendah,"Tangan pertama, km low 12rb, pajak on 10/2026, surat lengkap fullset",2020,20500000.0,False,12000,Hidup / Panjang,True,True,,DKI Jakarta,Jakarta Barat,Individual,Honda,Vario,Vario 150 eSP Exclusive / Keyless
11,olx,sim_olx_1787089_1_3,https://www.olx.co.id/item/1787089,Vario 150 CBS ISS 2017 Led Lama,"Mesin sehat halus, ss lengkap bpkb stnk siap pakai",2017,14500000.0,False,50000,Unknown,True,True,,Jawa Barat,Depok,Individual,Honda,Vario,Vario 150 eSP Exclusive / Keyless
12,olx,sim_olx_418304_1_4,https://www.olx.co.id/item/418304,Honda Vario 150 2021 DP Murah Cuma 1.5jt,"Cukup DP 1.5jt angsuran 900rb x 35 bln, proses cepat data dibantu",2021,1500000.0,True,15000,Unknown,True,True,,Jawa Barat,Bekasi,Individual,Honda,Vario,Vario 150 eSP Exclusive / Keyless
13,olx,sim_olx_8381468_1_5,https://www.olx.co.id/item/8381468,Vario 150 Keyless 2019 Merah Butuh Uang Cepat,Jual cepat BU hari ini 15.2jt net bpkb stnk komplit pajak hidup,2019,15200000.0,False,21000,Hidup / Panjang,True,True,,DKI Jakarta,Jakarta Pusat,Individual,Honda,Vario,Vario 150 eSP Exclusive / Keyless
14,olx,sim_olx_994771_1_18,https://www.olx.co.id/item/994771,Honda PCX 150 Lokal 2019 ABS Gold,"PCX 150 lokal abs 2019 tangan pertama, surat lengkap fullset",2019,22000000.0,False,29000,Unknown,True,True,,DKI Jakarta,Jakarta Pusat,Individual,Honda,PCX,PCX 150 Lokal (CBS / ABS)
15,olx,sim_olx_4667948_0_6,https://www.olx.co.id/item/4667948,Yamaha NMAX 155 Non ABS 2018 Abu-Abu Pajak Hidup,"Nmax old 2018 plat B Bekasi, pajak on, bpkb stnk faktur ready",2018,19000000.0,False,42000,Hidup / Panjang,True,True,B,Jawa Barat,Bekasi,Individual,Yamaha,NMAX,NMAX 155 Old (Generasi 1 Non-ABS / ABS)
16,olx,sim_olx_7682719_0_7,https://www.olx.co.id/item/7682719,All New NMAX 155 Connected ABS 2021 Istimewa,"Nmax 2021 tipe tertinggi connected abs, km 18rb, pajak pjg komplit",2021,25500000.0,False,18000,Hidup / Panjang,True,True,,DKI Jakarta,Jakarta Selatan,Individual,Yamaha,NMAX,NMAX 155 All New (Standard / Connected)
17,olx,sim_olx_537547_0_8,https://www.olx.co.id/item/537547,Nmax 2019 ABS Hitam Doff Plat B,"Pajak hidup panjang, bpkb stnk lengkap no minus mesin halus",2019,21000000.0,False,31000,Hidup / Panjang,True,True,B,Banten,Tangerang,Individual,Yamaha,NMAX,NMAX 155 Old (Generasi 1 Non-ABS / ABS)
18,olx,sim_olx_1615979_0_9,https://www.olx.co.id/item/1615979,Yamaha Nmax New 2022 DP 2 Juta,Kredit syariah DP 2jt cicilan murah data dijemput,2022,2000000.0,True,10000,Unknown,True,True,,DKI Jakarta,Jakarta Timur,Individual,Yamaha,NMAX,NMAX 155 All New (Standard / Connected)
19,olx,sim_olx_6222296_0_10,https://www.olx.co.id/item/6222296,Yamaha NMAX 155 2018 Putih Murah BU,Jual cepat 16.5jt nmax 2018 surat lengkap pajak on tangan 1,2018,16500000.0,False,35000,Hidup / Panjang,True,True,,DKI Jakarta,Jakarta Barat,Individual,Yamaha,NMAX,NMAX 155 Old (Generasi 1 Non-ABS / ABS)
20,olx,sim_olx_4667948_1_6,https://www.olx.co.id/item/4667948,Yamaha NMAX 155 Non ABS 2018 Abu-Abu Pajak Hidup,"Nmax old 2018 plat B Bekasi, pajak on, bpkb stnk faktur ready",2018,19000000.0,False,42000,Hidup / Panjang,True,True,B,Jawa Barat,Bekasi,Individual,Yamaha,NMAX,NMAX 155 Old (Generasi 1 Non-ABS / ABS)
21,olx,sim_olx_7682719_1_7,https://www.olx.co.id/item/7682719,All New NMAX 155 Connected ABS 2021 Istimewa,"Nmax 2021 tipe tertinggi connected abs, km 18rb, pajak pjg komplit",2021,25500000.0,False,18000,Hidup / Panjang,True,True,,DKI Jakarta,Jakarta Selatan,Individual,Yamaha,NMAX,NMAX 155 All New (Standard / Connected)
22,olx,sim_olx_537547_1_8,https://www.olx.co.id/item/537547,Nmax 2019 ABS Hitam Doff Plat B,"Pajak hidup panjang, bpkb stnk lengkap no minus mesin halus",2019,21000000.0,False,31000,Hidup / Panjang,True,True,B,Banten,Tangerang,Individual,Yamaha,NMAX,NMAX 155 Old (Generasi 1 Non-ABS / ABS)
23,olx,sim_olx_1615979_1_9,https://www.olx.co.id/item/1615979,Yamaha Nmax New 2022 DP 2 Juta,Kredit syariah DP 2jt cicilan murah data dijemput,2022,2000000.0,True,10000,Unknown,True,True,,DKI Jakarta,Jakarta Timur,Individual,Yamaha,NMAX,NMAX 155 All New (Standard / Connected)
24,olx,sim_olx_6222296_1_10,https://www.olx.co.id/item/6222296,Yamaha NMAX 155 2018 Putih Murah BU,Jual cepat 16.5jt nmax 2018 surat lengkap pajak on tangan 1,2018,16500000.0,False,35000,Hidup / Panjang,True,True,,DKI Jakarta,Jakarta Barat,Individual,Yamaha,NMAX,NMAX 155 Old (Generasi 1 Non-ABS / ABS)
25,olx,sim_olx_9447915_0_11,https://www.olx.co.id/item/9447915,Honda Beat Deluxe CBS ISS 2022 Silver Mulus,"Beat deluxe 2022 plat B DKI, surat komplit, pajak on, bodi mulus",2022,14200000.0,False,16000,Hidup / Panjang,True,True,B,DKI Jakarta,Jakarta Selatan,Individual,Honda,Beat,Beat Deluxe / CBS (eSAF)
26,olx,sim_olx_9284256_0_12,https://www.olx.co.id/item/9284256,Honda Beat FI ESP 2018 Merah Putih Pajak Panjang,"Beat 2018 esp cbs iss, pjk idup, ss lengkap siap pakai",2018,10500000.0,False,40000,Hidup / Panjang,True,True,,Banten,Tangerang,Individual,Honda,Beat,Beat FI eSP (Generasi 2/3)
27,olx,sim_olx_6411585_0_13,https://www.olx.co.id/item/6411585,All New Beat 2023 CBS Hitam KM Rendah,"KM 8rb jarang pakai, full orisinil, surat lengkap tangan pertama",2023,15500000.0,False,8000,Unknown,True,True,,DKI Jakarta,Jakarta Timur,Individual,Honda,Beat,Beat Deluxe / CBS (eSAF)
28,olx,sim_olx_8588064_0_14,https://www.olx.co.id/item/8588064,Honda Beat Street 2019 Hitam Doff,Beat street strit 2019 bpkb stnk faktur komplit pajak hidup,2019,12000000.0,False,33000,Hidup / Panjang,True,True,,Jawa Barat,Depok,Individual,Honda,Beat,Beat Street eSP
29,olx,sim_olx_9447915_1_11,https://www.olx.co.id/item/9447915,Honda Beat Deluxe CBS ISS 2022 Silver Mulus,"Beat deluxe 2022 plat B DKI, surat komplit, pajak on, bodi mulus",2022,14200000.0,False,16000,Hidup / Panjang,True,True,B,DKI Jakarta,Jakarta Selatan,Individual,Honda,Beat,Beat Deluxe / CBS (eSAF)
30,olx,sim_olx_9284256_1_12,https://www.olx.co.id/item/9284256,Honda Beat FI ESP 2018 Merah Putih Pajak Panjang,"Beat 2018 esp cbs iss, pjk idup, ss lengkap siap pakai",2018,10500000.0,False,40000,Hidup / Panjang,True,True,,Banten,Tangerang,Individual,Honda,Beat,Beat FI eSP (Generasi 2/3)
31,olx,sim_olx_6411585_1_13,https://www.olx.co.id/item/6411585,All New Beat 2023 CBS Hitam KM Rendah,"KM 8rb jarang pakai, full orisinil, surat lengkap tangan pertama",2023,15500000.0,False,8000,Unknown,True,True,,DKI Jakarta,Jakarta Timur,Individual,Honda,Beat,Beat Deluxe / CBS (eSAF)
32,olx,sim_olx_8588064_1_14,https://www.olx.co.id/item/8588064,Honda Beat Street 2019 Hitam Doff,Beat street strit 2019 bpkb stnk faktur komplit pajak hidup,2019,12000000.0,False,33000,Hidup / Panjang,True,True,,Jawa Barat,Depok,Individual,Honda,Beat,Beat Street eSP
33,olx,sim_olx_9766642_0_15,https://www.olx.co.id/item/9766642,All New Aerox 155 Connected 2021 CyberCity,"Aerox new 2021 connected, surat lengkap bpkb stnk pajak hidup",2021,22500000.0,False,20000,Hidup / Panjang,True,True,,DKI Jakarta,Jakarta Barat,Individual,Yamaha,Aerox,Aerox 155 Connected / CyberCity / ABS
34,olx,sim_olx_5918838_0_16,https://www.olx.co.id/item/5918838,Yamaha Aerox 155 VVA 2018 Tipe R Pajak Hidup,"Aerox old tipe r kuning, sok tabung, ss komplit siap gass",2018,17500000.0,False,36000,Hidup / Panjang,True,True,,DKI Jakarta,Jakarta Selatan,Individual,Yamaha,Aerox,Aerox 155 VVA Old (Standard / R / S-Version)
35,olx,sim_olx_9766642_1_15,https://www.olx.co.id/item/9766642,All New Aerox 155 Connected 2021 CyberCity,"Aerox new 2021 connected, surat lengkap bpkb stnk pajak hidup",2021,22500000.0,False,20000,Hidup / Panjang,True,True,,DKI Jakarta,Jakarta Barat,Individual,Yamaha,Aerox,Aerox 155 Connected / CyberCity / ABS
36,olx,sim_olx_5918838_1_16,https://www.olx.co.id/item/5918838,Yamaha Aerox 155 VVA 2018 Tipe R Pajak Hidup,"Aerox old tipe r kuning, sok tabung, ss komplit siap gass",2018,17500000.0,False,36000,Hidup / Panjang,True,True,,DKI Jakarta,Jakarta Selatan,Individual,Yamaha,Aerox,Aerox 155 VVA Old (Standard / R / S-Version)
37,olx,sim_olx_7969198_0_17,https://www.olx.co.id/item/7969198,Honda PCX 160 CBS 2022 Putih Mulus Pajak Panjang,"PCX 160 cbs 2022 plat B DKI, km 14rb, bpkb stnk komplit pajak on",2022,27500000.0,False,14000,Hidup / Panjang,True,True,B,DKI Jakarta,Jakarta Selatan,Individual,Honda,PCX,PCX 160 (CBS / ABS)
38,olx,sim_olx_7969198_1_17,https://www.olx.co.id/item/7969198,Honda PCX 160 CBS 2022 Putih Mulus Pajak Panjang,"PCX 160 cbs 2022 plat B DKI, km 14rb, bpkb stnk komplit pajak on",2022,27500000.0,False,14000,Hidup / Panjang,True,True,B,DKI Jakarta,Jakarta Selatan,Individual,Honda,PCX,PCX 160 (CBS / ABS)
39,olx,sim_olx_4220076_0_19,https://www.olx.co.id/item/4220076,Honda Scoopy Prestige Keyless 2022 Putih Mulus,Scoopy prestige smart key 2022 bpkb stnk lengkap plat B pajak on,2022,18500000.0,False,15000,Hidup / Panjang,True,True,B,DKI Jakarta,Jakarta Selatan,Individual,Honda,Scoopy,Scoopy All New (Keyless / Prestige)
40,olx,sim_olx_8103114_0_20,https://www.olx.co.id/item/8103114,Honda Scoopy Donat Stylish 2019 Merah,"Scoopy donat ring 12 tahun 2019, mesin halus, ss komplit pajak on",2019,15000000.0,False,32000,Hidup / Panjang,True,True,,DKI Jakarta,Jakarta Timur,Individual,Honda,Scoopy,Scoopy Donat (Ring 12)
41,olx,sim_olx_4220076_1_19,https://www.olx.co.id/item/4220076,Honda Scoopy Prestige Keyless 2022 Putih Mulus,Scoopy prestige smart key 2022 bpkb stnk lengkap plat B pajak on,2022,18500000.0,False,15000,Hidup / Panjang,True,True,B,DKI Jakarta,Jakarta Selatan,Individual,Honda,Scoopy,Scoopy All New (Keyless / Prestige)
42,olx,sim_olx_8103114_1_20,https://www.olx.co.id/item/8103114,Honda Scoopy Donat Stylish 2019 Merah,"Scoopy donat ring 12 tahun 2019, mesin halus, ss komplit pajak on",2019,15000000.0,False,32000,Hidup / Panjang,True,True,,DKI Jakarta,Jakarta Timur,Individual,Honda,Scoopy,Scoopy Donat (Ring 12)
43,olx,sim_olx_8051438_0_22,https://www.olx.co.id/item/8051438,Pagio Liberty 150 i-Get ABS 2018 Biru Doff,"Liberty 150 abs 2018 terawat, pajak on bpkb stnk komplit mesin halus",2018,26000000.0,False,25000,Hidup / Panjang,True,True,,DKI Jakarta,Jakarta Barat,Individual,Piaggio,Liberty,Liberty 150 i-Get ABS
44,olx,sim_olx_9610994_0_21,https://www.olx.co.id/item/9610994,Piaggio Medley S 150 i-Get 2021 Putih Mulus Pajak Hidup,Jual piaggio medley s 150 led 2021 tangan 1 bpkb stnk faktur kunci coklat biru ada,2021,38500000.0,False,11000,Hidup / Panjang,True,True,,DKI Jakarta,Jakarta Selatan,Individual,Piaggio,Medley,Medley 150 ABS (Generasi 1)
45,olx,sim_olx_2839202_0_23,https://www.olx.co.id/item/2839202,Piaggio Zip 100 2012 Kuning Langka Mulus,Zip 100 karbu surat komplit bpkb stnk pajak hidup siap nongkrong,2012,9500000.0,False,30000,Hidup / Panjang,True,True,,Banten,Tangerang,Individual,Piaggio,Zip,Zip 100 Karbu
46,olx,sim_olx_6557844_0_0,https://www.olx.co.id/item/6557844,Honda Vario 150 eSP 2019 Keyless Mulus Pajak Panjang B DKI,Jual BU vario 150 keyless 2019 bpkb stnk faktur komplit pjk hidup plat B DKI mesin std,2019,18500000.0,False,24000,Hidup / Panjang,True,True,B,DKI Jakarta,Jakarta Selatan,Individual,Honda,Vario,Vario 150 eSP Exclusive / Keyless
47,olx,sim_olx_4771726_0_1,https://www.olx.co.id/item/4771726,Vario 150 2018 Hitam Doff Pajak Off 1x Surat Lengkap,"Kondisi terawat, lecet pemakaian, pjk off 1 thn kaleng 2028, bpkb stnk ada",2018,16000000.0,False,38000,Mati / Off,True,True,,DKI Jakarta,Jakarta Timur,Individual,Honda,Vario,Vario 150 eSP Exclusive / Keyless
48,olx,sim_olx_5578548_0_2,https://www.olx.co.id/item/5578548,Honda Vario 150 2020 Istimewa KM Rendah,"Tangan pertama, km low 12rb, pajak on 10/2026, surat lengkap fullset",2020,20500000.0,False,12000,Hidup / Panjang,True,True,,DKI Jakarta,Jakarta Barat,Individual,Honda,Vario,Vario 150 eSP Exclusive / Keyless
49,olx,sim_olx_3515629_0_3,https://www.olx.co.id/item/3515629,Vario 150 CBS ISS 2017 Led Lama,"Mesin sehat halus, ss lengkap bpkb stnk siap pakai",2017,14500000.0,False,50000,Unknown,True,True,,Jawa Barat,Depok,Individual,Honda,Vario,Vario 150 eSP Exclusive / Keyless
50,olx,sim_olx_6499912_0_4,https://www.olx.co.id/item/6499912,Honda Vario 150 2021 DP Murah Cuma 1.5jt,"Cukup DP 1.5jt angsuran 900rb x 35 bln, proses cepat data dibantu",2021,1500000.0,True,15000,Unknown,True,True,,Jawa Barat,Bekasi,Individual,Honda,Vario,Vario 150 eSP Exclusive / Keyless
51,olx,sim_olx_9560548_0_5,https://www.olx.co.id/item/9560548,Vario 150 Keyless 2019 Merah Butuh Uang Cepat,Jual cepat BU hari ini 15.2jt net bpkb stnk komplit pajak hidup,2019,15200000.0,False,21000,Hidup / Panjang,True,True,,DKI Jakarta,Jakarta Pusat,Individual,Honda,Vario,Vario 150 eSP Exclusive / Keyless
52,olx,sim_olx_2995053_0_18,https://www.olx.co.id/item/2995053,Honda PCX 150 Lokal 2019 ABS Gold,"PCX 150 lokal abs 2019 tangan pertama, surat lengkap fullset",2019,22000000.0,False,29000,Unknown,True,True,,DKI Jakarta,Jakarta Pusat,Individual,Honda,PCX,PCX 150 Lokal (CBS / ABS)
53,olx,sim_olx_4878794_0_21,https://www.olx.co.id/item/4878794,Piaggio Medley S 150 i-Get 2021 Putih Mulus Pajak Hidup,Jual piaggio medley s 150 led 2021 tangan 1 bpkb stnk faktur kunci coklat biru ada,2021,38500000.0,False,11000,Hidup / Panjang,True,True,,DKI Jakarta,Jakarta Selatan,Individual,Piaggio,Medley,Medley 150 ABS (Generasi 1)
54,olx,sim_olx_5943121_0_22,https://www.olx.co.id/item/5943121,Pagio Liberty 150 i-Get ABS 2018 Biru Doff,"Liberty 150 abs 2018 terawat, pajak on bpkb stnk komplit mesin halus",2018,26000000.0,False,25000,Hidup / Panjang,True,True,,DKI Jakarta,Jakarta Barat,Individual,Piaggio,Liberty,Liberty 150 i-Get ABS
55,olx,sim_olx_7235306_0_24,https://www.olx.co.id/item/7235306,Vespa Sprint 150 i-Get ABS 2021 Grey Titanio,"Sprint iget abs 2021 mulus no lecet, ss lengkap kunci lengkap pajak hidup",2021,44500000.0,False,13000,Hidup / Panjang,True,True,,DKI Jakarta,Jakarta Selatan,Individual,Vespa (Piaggio),Sprint,Sprint 150 i-Get (ABS)
56,olx,sim_olx_6355024_0_25,https://www.olx.co.id/item/6355024,Vespa Primavera 150 i-Get 2020 Putih,"Primavera iget 2020 orisinil pabrik, bpkb stnk faktur ready siap pakai",2020,41000000.0,False,17000,Unknown,True,True,,DKI Jakarta,Jakarta Pusat,Individual,Vespa (Piaggio),Primavera,Primavera 150 i-Get (ABS / S)
57,olx,sim_olx_8676813_0_21,https://www.olx.co.id/item/8676813,Piaggio Medley S 150 i-Get 2021 Putih Mulus Pajak Hidup,Jual piaggio medley s 150 led 2021 tangan 1 bpkb stnk faktur kunci coklat biru ada,2021,38500000.0,False,11000,Hidup / Panjang,True,True,,DKI Jakarta,Jakarta Selatan,Individual,Piaggio,Medley,Medley 150 ABS (Generasi 1)
58,olx,sim_olx_7515738_0_23,https://www.olx.co.id/item/7515738,Piaggio Zip 100 2012 Kuning Langka Mulus,Zip 100 karbu surat komplit bpkb stnk pajak hidup siap nongkrong,2012,9500000.0,False,30000,Hidup / Panjang,True,True,,Banten,Tangerang,Individual,Piaggio,Zip,Zip 100 Karbu
59,olx,sim_olx_6513453_0_6,https://www.olx.co.id/item/6513453,Yamaha NMAX 155 Non ABS 2018 Abu-Abu Pajak Hidup,"Nmax old 2018 plat B Bekasi, pajak on, bpkb stnk faktur ready",2018,19000000.0,False,42000,Hidup / Panjang,True,True,B,Jawa Barat,Bekasi,Individual,Yamaha,NMAX,NMAX 155 Old (Generasi 1 Non-ABS / ABS)
60,olx,sim_olx_4552094_0_7,https://www.olx.co.id/item/4552094,All New NMAX 155 Connected ABS 2021 Istimewa,"Nmax 2021 tipe tertinggi connected abs, km 18rb, pajak pjg komplit",2021,25500000.0,False,18000,Hidup / Panjang,True,True,,DKI Jakarta,Jakarta Selatan,Individual,Yamaha,NMAX,NMAX 155 All New (Standard / Connected)
61,olx,sim_olx_4106464_0_8,https://www.olx.co.id/item/4106464,Nmax 2019 ABS Hitam Doff Plat B,"Pajak hidup panjang, bpkb stnk lengkap no minus mesin halus",2019,21000000.0,False,31000,Hidup / Panjang,True,True,B,Banten,Tangerang,Individual,Yamaha,NMAX,NMAX 155 Old (Generasi 1 Non-ABS / ABS)
62,olx,sim_olx_9043946_0_9,https://www.olx.co.id/item/9043946,Yamaha Nmax New 2022 DP 2 Juta,Kredit syariah DP 2jt cicilan murah data dijemput,2022,2000000.0,True,10000,Unknown,True,True,,DKI Jakarta,Jakarta Timur,Individual,Yamaha,NMAX,NMAX 155 All New (Standard / Connected)
63,olx,sim_olx_8079858_0_10,https://www.olx.co.id/item/8079858,Yamaha NMAX 155 2018 Putih Murah BU,Jual cepat 16.5jt nmax 2018 surat lengkap pajak on tangan 1,2018,16500000.0,False,35000,Hidup / Panjang,True,True,,DKI Jakarta,Jakarta Barat,Individual,Yamaha,XSR 155,XSR 155 Heritage Sport
64,olx,sim_olx_2133648_0_0,https://www.olx.co.id/item/2133648,Honda Beat Deluxe CBS ISS 2024 Silver Mulus Keyless,Beat deluxe smart key 2024 plat B DKI tangan pertama pajak hidup,2024,17200000.0,False,4000,Hidup / Panjang,True,True,B,DKI Jakarta,Jakarta Selatan,Individual,Honda,Beat,Beat Deluxe / CBS (eSAF)
65,olx,sim_olx_3664194_0_2,https://www.olx.co.id/item/3664194,Honda Beat Deluxe CBS ISS 2022 Silver Mulus,Beat deluxe 2022 plat B DKI surat komplit pajak on bodi mulus,2022,14200000.0,False,16000,Hidup / Panjang,True,True,B,DKI Jakarta,Jakarta Selatan,Individual,Honda,Beat,Beat Deluxe / CBS (eSAF)
66,olx,sim_olx_7177904_0_3,https://www.olx.co.id/item/7177904,Honda Beat Street 2021 Hitam Doff,Beat street 2021 strit bpkb stnk faktur komplit pajak hidup,2021,13800000.0,False,21000,Hidup / Panjang,True,True,,Jawa Barat,Depok,Individual,Honda,Beat,Beat Street eSP
67,olx,sim_olx_5250573_0_4,https://www.olx.co.id/item/5250573,Honda Beat Street 2019 Hitam Doff,Beat street 2019 bpkb stnk faktur komplit pajak hidup,2019,12000000.0,False,33000,Hidup / Panjang,True,True,,Jawa Barat,Depok,Individual,Honda,Beat,Beat Street eSP
68,olx,sim_olx_2234856_0_5,https://www.olx.co.id/item/2234856,Honda Beat FI ESP 2018 Merah Putih Pajak Panjang,Beat 2018 esp cbs iss pjk idup ss lengkap siap pakai,2018,10500000.0,False,40000,Hidup / Panjang,True,True,,Banten,Tangerang,Individual,Honda,Beat,Beat FI eSP (Generasi 2/3)
69,olx,sim_olx_4990833_0_6,https://www.olx.co.id/item/4990833,Honda Beat FI eSP 2016 Putih Biru,Beat fi 2016 mesin halus surat komplit pajak on,2016,8900000.0,False,55000,Hidup / Panjang,True,True,,DKI Jakarta,Jakarta Barat,Individual,Honda,Beat,Beat FI eSP (Generasi 2/3)
70,olx,sim_olx_3005479_0_7,https://www.olx.co.id/item/3005479,Honda Vario 160 CBS 2023 Hitam Doff Istimewa,Vario 160 cbs 2023 km 9rb surat lengkap bpkb stnk faktur pajak panjang,2023,22500000.0,False,9000,Hidup / Panjang,True,True,,DKI Jakarta,Jakarta Selatan,Individual,Honda,Vario,Vario 160 CBS / ABS
71,olx,sim_olx_6103543_0_8,https://www.olx.co.id/item/6103543,Honda Vario 160 ABS 2022 Putih Mulus,Vario 160 abs 2022 rem cakram belakang keyless mulus tangan pertama,2022,23800000.0,False,14000,Unknown,True,True,,DKI Jakarta,Jakarta Barat,Individual,Honda,Vario,Vario 160 CBS / ABS
72,olx,sim_olx_3629069_0_9,https://www.olx.co.id/item/3629069,Honda Vario 150 2021 Keyless Hitam,Vario 150 keyless 2021 bpkb stnk faktur komplit pajak hidup,2021,21000000.0,False,16000,Hidup / Panjang,True,True,,DKI Jakarta,Jakarta Timur,Individual,Honda,Vario,Vario 150 eSP Exclusive / Keyless
73,olx,sim_olx_7216058_0_10,https://www.olx.co.id/item/7216058,Honda Vario 150 2020 Istimewa KM Rendah,Tangan pertama km low 12rb pajak on 10/2026 surat lengkap fullset,2020,20500000.0,False,12000,Hidup / Panjang,True,True,,DKI Jakarta,Jakarta Barat,Individual,Honda,Vario,Vario 150 eSP Exclusive / Keyless
74,olx,sim_olx_5718354_0_11,https://www.olx.co.id/item/5718354,Honda Vario 150 eSP 2019 Keyless Mulus Pajak Panjang B DKI,Jual BU vario 150 keyless 2019 bpkb stnk faktur komplit pjk hidup plat B DKI,2019,18500000.0,False,24000,Hidup / Panjang,True,True,B,DKI Jakarta,Jakarta Selatan,Individual,Honda,Vario,Vario 150 eSP Exclusive / Keyless
75,olx,sim_olx_851415_0_16,https://www.olx.co.id/item/851415,Honda Vario 125 All New 2022 Keyless,Vario 125 new 2022 smart key cbs iss surat komplit pajak hidup,2022,19500000.0,False,18000,Hidup / Panjang,True,True,,DKI Jakarta,Jakarta Selatan,Individual,Honda,Vario,Vario 125 All New (Generasi 2)
76,olx,sim_olx_9012557_0_17,https://www.olx.co.id/item/9012557,Honda Vario 125 eSP 2018 LED Lama,Vario 125 led 2018 esp cbs iss bpkb stnk komplit plat B,2018,14800000.0,False,35000,Unknown,True,True,B,Jawa Barat,Bekasi,Individual,Honda,Vario,Vario 125 eSP (LED Generasi 1)
77,olx,sim_olx_8140866_0_18,https://www.olx.co.id/item/8140866,Honda Scoopy Prestige Keyless 2023 Putih,Scoopy prestige smart key 2023 tangan pertama km 7rb mulus,2023,19800000.0,False,7000,Unknown,True,True,,DKI Jakarta,Jakarta Selatan,Individual,Honda,Scoopy,Scoopy All New (Keyless / Prestige)
78,olx,sim_olx_2847718_0_19,https://www.olx.co.id/item/2847718,Honda Scoopy Prestige Keyless 2022 Putih Mulus,Scoopy prestige smart key 2022 bpkb stnk lengkap plat B pajak on,2022,18500000.0,False,15000,Hidup / Panjang,True,True,B,DKI Jakarta,Jakarta Selatan,Individual,Honda,Scoopy,Scoopy All New (Keyless / Prestige)
79,olx,sim_olx_3260840_0_20,https://www.olx.co.id/item/3260840,Honda Scoopy Stylish 2020 Keyless,Scoopy stylish 2020 ring 12 smart key surat lengkap pajak on,2020,16800000.0,False,24000,Hidup / Panjang,True,True,,Banten,Tangerang,Individual,Honda,Scoopy,Scoopy All New (Keyless / Prestige)
80,olx,sim_olx_9959989_0_21,https://www.olx.co.id/item/9959989,Honda Scoopy Donat Stylish 2019 Merah,Scoopy donat ring 12 tahun 2019 mesin halus ss komplit pajak on,2019,15000000.0,False,32000,Hidup / Panjang,True,True,,DKI Jakarta,Jakarta Timur,Individual,Honda,Scoopy,Scoopy Donat (Ring 12)
81,olx,sim_olx_7133103_0_22,https://www.olx.co.id/item/7133103,Honda Scoopy Donat 2017 Coklat Hitam,Scoopy donat gen 1 ring 12 surat komplit pajak hidup mesin segel,2017,13200000.0,False,45000,Hidup / Panjang,True,True,,DKI Jakarta,Jakarta Barat,Individual,Honda,Scoopy,Scoopy Donat (Ring 12)
82,olx,sim_olx_2553240_0_23,https://www.olx.co.id/item/2553240,Honda PCX 160 CBS 2023 Hitam,PCX 160 cbs 2023 km 8rb bpkb stnk faktur lengkap pajak on tangan 1,2023,29000000.0,False,8000,Hidup / Panjang,True,True,,DKI Jakarta,Jakarta Selatan,Individual,Honda,PCX,PCX 160 (CBS / ABS)
83,olx,sim_olx_3015592_0_24,https://www.olx.co.id/item/3015592,Honda PCX 160 CBS 2022 Putih Mulus Pajak Panjang,PCX 160 cbs 2022 plat B DKI km 14rb bpkb stnk komplit pajak on,2022,27500000.0,False,14000,Hidup / Panjang,True,True,B,DKI Jakarta,Jakarta Selatan,Individual,Honda,PCX,PCX 160 (CBS / ABS)
84,olx,sim_olx_3289929_0_25,https://www.olx.co.id/item/3289929,Honda PCX 160 ABS 2021 Merah Doff,PCX 160 abs 2021 tipe abs cakram dobel surat komplit pajak on,2021,28500000.0,False,18000,Hidup / Panjang,True,True,,DKI Jakarta,Jakarta Pusat,Individual,Honda,PCX,PCX 160 (CBS / ABS)
85,olx,sim_olx_8257101_0_26,https://www.olx.co.id/item/8257101,Honda PCX 150 Lokal 2020 ABS Putih,PCX 150 lokal abs 2020 surat lengkap pajak hidup siap jalan,2020,23500000.0,False,26000,Hidup / Panjang,True,True,,DKI Jakarta,Jakarta Barat,Individual,Honda,PCX,PCX 150 Lokal (CBS / ABS)
86,olx,sim_olx_5803533_0_27,https://www.olx.co.id/item/5803533,Honda PCX 150 Lokal 2019 ABS Gold,PCX 150 lokal abs 2019 tangan pertama surat lengkap fullset,2019,22000000.0,False,29000,Unknown,True,True,,DKI Jakarta,Jakarta Pusat,Individual,Honda,PCX,PCX 150 Lokal (CBS / ABS)
87,olx,sim_olx_5973777_0_28,https://www.olx.co.id/item/5973777,Honda PCX 150 Lokal 2018 CBS Hitam,PCX 150 lokal 2018 cbs bpkb stnk faktur lengkap,2018,20500000.0,False,38000,Unknown,True,True,,Jawa Barat,Depok,Individual,Honda,PCX,PCX 150 Lokal (CBS / ABS)
88,olx,sim_olx_99508_0_29,https://www.olx.co.id/item/99508,Honda ADV 160 ABS 2023 Abu Doff,ADV 160 abs 2023 km 7rb orisinil pabrik surat komplit pajak hidup,2023,33500000.0,False,7000,Hidup / Panjang,True,True,,DKI Jakarta,Jakarta Selatan,Individual,Honda,ADV,ADV 160 (CBS / ABS)
89,olx,sim_olx_384445_0_30,https://www.olx.co.id/item/384445,Honda ADV 150 ABS 2020 Merah,ADV 150 abs 2020 bpkb stnk faktur ready pajak on,2020,26500000.0,False,22000,Hidup / Panjang,True,True,,DKI Jakarta,Jakarta Barat,Individual,Honda,ADV,ADV 150 (CBS / ABS)
90,olx,sim_olx_3458439_0_31,https://www.olx.co.id/item/3458439,Honda ADV 150 CBS 2019 Silver,ADV 150 cbs 2019 tangan pertama surat lengkap,2019,24000000.0,False,30000,Unknown,True,True,,DKI Jakarta,Jakarta Timur,Individual,Honda,ADV,ADV 150 (CBS / ABS)
91,olx,sim_olx_7777175_0_32,https://www.olx.co.id/item/7777175,Honda CBR 150R K45R All New 2022 Merah Racing,All new cbr 150r 2022 k45r shock usd surat lengkap bpkb stnk pajak on,2022,25500000.0,False,12000,Hidup / Panjang,True,True,,DKI Jakarta,Jakarta Selatan,Individual,Honda,CBR 150R,CBR 150R K45R (All New Inverted Fork)
92,olx,sim_olx_369169_0_33,https://www.olx.co.id/item/369169,Honda CBR 150R Facelift K45G 2018 Repsol,CBR 150r k45g repsol 2018 mesin halus surat lengkap,2018,17500000.0,False,34000,Unknown,True,True,,Jawa Barat,Depok,Individual,Honda,CBR 150R,CBR 150R K45G (Facelift LED)
93,olx,sim_olx_9067052_0_34,https://www.olx.co.id/item/9067052,Honda Genio CBS ISS 2022 Hitam,Genio 2022 cbs iss surat komplit bpkb stnk faktur pajak on,2022,13500000.0,False,15000,Hidup / Panjang,True,True,,Banten,Tangerang,Individual,Honda,Genio,Genio CBS / ISS (eSAF Ring 14)
94,olx,sim_olx_4968489_0_35,https://www.olx.co.id/item/4968489,Yamaha NMAX Turbo Tech Max 2024 Magma Black,NMAX turbo tech max 2024 km 3rb seperti baru surat komplit,2024,38500000.0,False,3000,Unknown,True,True,,DKI Jakarta,Jakarta Selatan,Individual,Yamaha,NMAX,NMAX Turbo / Neo 155
95,olx,sim_olx_6876118_0_40,https://www.olx.co.id/item/6876118,Yamaha NMAX 155 Non ABS 2018 Abu-Abu Pajak Hidup,NMAX old 2018 plat B Bekasi pajak on bpkb stnk faktur ready,2018,19000000.0,False,42000,Hidup / Panjang,True,True,B,Jawa Barat,Bekasi,Individual,Yamaha,NMAX,NMAX 155 Old (Generasi 1 Non-ABS / ABS)
96,olx,sim_olx_8869596_0_41,https://www.olx.co.id/item/8869596,Yamaha NMAX 155 2018 Putih Murah BU,Jual cepat 16.5jt nmax 2018 surat lengkap pajak on tangan 1,2018,16500000.0,False,35000,Hidup / Panjang,True,True,,DKI Jakarta,Jakarta Barat,Individual,Yamaha,XSR 155,XSR 155 Heritage Sport
97,olx,sim_olx_1204371_0_42,https://www.olx.co.id/item/1204371,Yamaha NMAX 155 Non ABS 2017 Putih,NMAX old 2017 surat lengkap bpkb stnk pajak on,2017,17800000.0,False,48000,Hidup / Panjang,True,True,,DKI Jakarta,Jakarta Selatan,Individual,Yamaha,NMAX,NMAX 155 Old (Generasi 1 Non-ABS / ABS)
98,olx,sim_olx_7128089_0_43,https://www.olx.co.id/item/7128089,Yamaha NMAX 155 ABS 2016 Gunmetal,NMAX gen 1 2016 abs bpkb stnk komplit plat b dki,2016,16500000.0,False,56000,Unknown,True,True,B,DKI Jakarta,Jakarta Pusat,Individual,Yamaha,NMAX,NMAX 155 Old (Generasi 1 Non-ABS / ABS)
99,olx,sim_olx_9524927_0_46,https://www.olx.co.id/item/9524927,Yamaha Aerox 155 VVA 2019 S Version Keyless,Aerox old tipe s keyless 2019 pajak on surat lengkap,2019,19000000.0,False,28000,Hidup / Panjang,True,True,,DKI Jakarta,Jakarta Timur,Individual,Yamaha,Aerox,Aerox 155 VVA Old (Standard / R / S-Version)
100,olx,sim_olx_2675451_0_47,https://www.olx.co.id/item/2675451,Yamaha Aerox 155 VVA 2018 Tipe R Pajak Hidup,Aerox old tipe r kuning sok tabung ss komplit siap gass,2018,17500000.0,False,36000,Hidup / Panjang,True,True,,DKI Jakarta,Jakarta Selatan,Individual,Yamaha,Aerox,Aerox 155 VVA Old (Standard / R / S-Version)
101,olx,sim_olx_996871_0_48,https://www.olx.co.id/item/996871,Yamaha Aerox 155 Standard 2017 Biru,Aerox 2017 standard surat lengkap bpkb stnk pajak on,2017,15800000.0,False,49000,Hidup / Panjang,True,True,,Jawa Barat,Depok,Individual,Yamaha,Lexi,Lexi 125 VVA (Standard / S / ABS)
102,olx,sim_olx_7423814_0_49,https://www.olx.co.id/item/7423814,Yamaha Fazzio Hybrid Lux 2023 Putih,Fazzio hybrid lux 2023 smart key tangan pertama pajak hidup,2023,18800000.0,False,10000,Hidup / Panjang,True,True,,DKI Jakarta,Jakarta Selatan,Individual,Yamaha,Fazzio,Fazzio Hybrid-Connected (Neo / Lux)
103,olx,sim_olx_3197563_0_50,https://www.olx.co.id/item/3197563,Yamaha Fazzio Neo Hybrid 2022 Tosca,Fazzio neo 2022 surat lengkap bpkb stnk faktur pajak on,2022,17200000.0,False,16000,Hidup / Panjang,True,True,,DKI Jakarta,Jakarta Barat,Individual,Yamaha,Fazzio,Fazzio Hybrid-Connected (Neo / Lux)
104,olx,sim_olx_2906311_0_51,https://www.olx.co.id/item/2906311,Yamaha Grand Filano Lux Hybrid 2023 Putih Mutiara,Grand filano lux hybrid 2023 km 8rb mulus tangan 1,2023,22800000.0,False,8000,Unknown,True,True,,DKI Jakarta,Jakarta Selatan,Individual,Yamaha,Grand Filano,Grand Filano Hybrid-Connected (Neo / Lux)
105,olx,sim_olx_1527956_0_52,https://www.olx.co.id/item/1527956,Yamaha XSR 155 2022 Hitam Heritage,XSR 155 2022 retro sport surat komplit bpkb stnk pajak hidup,2022,31500000.0,False,11000,Hidup / Panjang,True,True,,DKI Jakarta,Jakarta Selatan,Individual,Yamaha,XSR 155,XSR 155 Heritage Sport
106,olx,sim_olx_5948930_0_53,https://www.olx.co.id/item/5948930,Yamaha XSR 155 2020 Silver,XSR 155 2020 tangan pertama mesin halus surat lengkap,2020,28500000.0,False,19000,Unknown,True,True,,DKI Jakarta,Jakarta Pusat,Individual,Yamaha,XSR 155,XSR 155 Heritage Sport
107,olx,sim_olx_7778696_0_54,https://www.olx.co.id/item/7778696,Yamaha Lexi 125 VVA 2021 S Version Keyless,Lexi s keyless 2021 surat lengkap pajak on plat B,2021,16500000.0,False,20000,Hidup / Panjang,True,True,B,DKI Jakarta,Jakarta Timur,Individual,Yamaha,Lexi,Lexi 125 VVA (Standard / S / ABS)
108,olx,sim_olx_6216336_0_55,https://www.olx.co.id/item/6216336,Yamaha YZF-R15 V3 VVA 2019 Biru Racing,R15 v3 2019 vva shock usd bpkb stnk faktur lengkap pajak on,2019,20500000.0,False,27000,Hidup / Panjang,True,True,,DKI Jakarta,Jakarta Barat,Individual,Yamaha,YZF-R15,R15 V3 VVA
109,olx,sim_olx_9701213_0_56,https://www.olx.co.id/item/9701213,Yamaha Mio M3 125 2020 Merah,Mio m3 125 2020 bpkb stnk komplit mesin orisinil,2020,9800000.0,False,30000,Unknown,True,True,,Banten,Tangerang,Individual,Yamaha,Mio,Mio M3 125 Blue Core
110,olx,sim_olx_2691699_0_57,https://www.olx.co.id/item/2691699,Kawasaki Ninja ZX-25R ABS SE 2022 Hijau KRT,Ninja zx25r 4 silinder 2022 abs se quick shifter bpkb stnk komplit tangan 1,2022,98000000.0,False,6000,Unknown,True,True,,DKI Jakarta,Jakarta Selatan,Individual,Kawasaki,Ninja 250,Ninja 250 All New (Keyless / Smart Key)
111,olx,sim_olx_9953748_0_58,https://www.olx.co.id/item/9953748,Kawasaki Ninja ZX-25R Standard 2021 Hitam,Ninja zx 25r 4 silinder standard 2021 surat lengkap pajak on,2021,89000000.0,False,9000,Hidup / Panjang,True,True,,DKI Jakarta,Jakarta Barat,Individual,Kawasaki,W175,W175 Standard / SE / Cafe / TR
112,olx,sim_olx_8075852_0_59,https://www.olx.co.id/item/8075852,All New Kawasaki Ninja 250 Keyless SE 2020 Merah,All new ninja 250 smart key 2020 2 silinder surat komplit pajak hidup,2020,49500000.0,False,14000,Hidup / Panjang,True,True,,DKI Jakarta,Jakarta Selatan,Individual,Kawasaki,Ninja 250,Ninja 250 All New (Keyless / Smart Key)
113,olx,sim_olx_210366_0_60,https://www.olx.co.id/item/210366,All New Kawasaki Ninja 250 2018 Hijau KRT,All new ninja 250 fi 2018 surat lengkap tangan pertama,2018,44000000.0,False,22000,Unknown,True,True,,DKI Jakarta,Jakarta Pusat,Individual,Kawasaki,Ninja 250,Ninja 250 All New (Keyless / Smart Key)
114,olx,sim_olx_7780267_0_61,https://www.olx.co.id/item/7780267,Kawasaki Ninja 250 FI 2016 Merah SE,Ninja 250 fi gen 1 2016 surat lengkap bpkb stnk faktur pajak on,2016,34500000.0,False,38000,Hidup / Panjang,True,True,,Jawa Barat,Bekasi,Individual,Kawasaki,Ninja 250,Ninja 250 FI (Generasi 1)
115,olx,sim_olx_4823182_0_62,https://www.olx.co.id/item/4823182,Kawasaki KLX 150 BF SE Extreme 2022 Hijau,KLX 150 bf extreme 2022 usd shock surat komplit pajak hidup,2022,28500000.0,False,9000,Hidup / Panjang,True,True,,DKI Jakarta,Jakarta Selatan,Individual,Kawasaki,KLX 150,KLX 150 BF / SE / Extreme
116,olx,sim_olx_798077_0_63,https://www.olx.co.id/item/798077,Kawasaki KLX 150 BF 2019 Hitam Kuning,KLX 150 bf 2019 surat lengkap bpkb stnk plat b dki,2019,23500000.0,False,19000,Unknown,True,True,B,DKI Jakarta,Jakarta Timur,Individual,Kawasaki,KLX 150,KLX 150 BF / SE / Extreme
117,olx,sim_olx_2823547_0_64,https://www.olx.co.id/item/2823547,Kawasaki KLX 150 BF SE 2017 Orange,KLX 150 bf se 2017 terawat surat komplit,2017,20500000.0,False,28000,Unknown,True,True,,Jawa Barat,Depok,Individual,Kawasaki,KLX 150,KLX 150 BF / SE / Extreme
118,olx,sim_olx_4507377_0_65,https://www.olx.co.id/item/4507377,Kawasaki W175 SE 2022 Hitam Doff,Kawasaki w175 se 2022 retro classic bpkb stnk komplit pajak hidup,2022,23500000.0,False,8000,Hidup / Panjang,True,True,,DKI Jakarta,Jakarta Selatan,Individual,Kawasaki,W175,W175 Standard / SE / Cafe / TR
119,olx,sim_olx_1884955_0_66,https://www.olx.co.id/item/1884955,Kawasaki W175 Cafe 2019 Kuning,W175 cafe 2019 surat lengkap tangan 1 pajak on,2019,19500000.0,False,15000,Hidup / Panjang,True,True,,DKI Jakarta,Jakarta Barat,Individual,Kawasaki,W175,W175 Standard / SE / Cafe / TR
120,olx,sim_olx_2731240_0_67,https://www.olx.co.id/item/2731240,Kawasaki D-Tracker 150 SE 2020 Hijau,Dtracker 150 se 2020 velg 17 ban tebal bpkb stnk lengkap,2020,24500000.0,False,14000,Unknown,True,True,,DKI Jakarta,Jakarta Timur,Individual,Kawasaki,D-Tracker 150,D-Tracker 150 SE (Velg 17)
121,olx,sim_olx_623100_0_68,https://www.olx.co.id/item/623100,Piaggio Medley S 150 i-Get Facelift LED 2023 Hitam,Piaggio medley s 150 led 2023 km 6rb surat komplit kunci coklat biru,2023,44500000.0,False,6000,Unknown,True,True,,DKI Jakarta,Jakarta Selatan,Individual,Piaggio,Medley,Medley 150 S i-Get (Facelift LED)
122,olx,sim_olx_9063805_0_69,https://www.olx.co.id/item/9063805,Piaggio Medley S 150 i-Get 2021 Putih Mulus Pajak Hidup,Jual piaggio medley s 150 led 2021 tangan 1 bpkb stnk faktur kunci coklat biru ada,2021,38500000.0,False,11000,Hidup / Panjang,True,True,,DKI Jakarta,Jakarta Selatan,Individual,Piaggio,Medley,Medley 150 ABS (Generasi 1)
123,olx,sim_olx_5086744_0_70,https://www.olx.co.id/item/5086744,Pagio Medley 150 ABS 2017 Abu-Abu,Piaggio medley 150 abs 2017 terawat surat lengkap pajak on,2017,29500000.0,False,28000,Hidup / Panjang,True,True,,DKI Jakarta,Jakarta Pusat,Individual,Piaggio,Medley,Medley 150 ABS (Generasi 1)
124,olx,sim_olx_3175037_0_73,https://www.olx.co.id/item/3175037,Piaggio Zip 100 2012 Kuning Langka Mulus,Zip 100 karbu surat komplit bpkb stnk pajak hidup siap nongkrong,2012,9500000.0,False,30000,Hidup / Panjang,True,True,,Banten,Tangerang,Individual,Piaggio,Zip,Zip 100 Karbu
125,olx,sim_olx_3105797_0_74,https://www.olx.co.id/item/3105797,Vespa Sprint S 150 TFT LED 2023 Hitam Doff,Vespa sprint s 150 tft 2023 speedometer tft mulus kunci coklat biru,2023,51500000.0,False,5000,Unknown,True,True,,DKI Jakarta,Jakarta Selatan,Individual,Vespa (Piaggio),Sprint,Sprint 150 i-Get (ABS)
126,olx,sim_olx_139412_0_75,https://www.olx.co.id/item/139412,Vespa Sprint 150 i-Get ABS 2021 Grey Titanio,Sprint iget abs 2021 mulus no lecet ss lengkap kunci lengkap pajak hidup,2021,44500000.0,False,13000,Hidup / Panjang,True,True,,DKI Jakarta,Jakarta Selatan,Individual,Vespa (Piaggio),Sprint,Sprint 150 i-Get (ABS)
127,olx,sim_olx_7062261_0_76,https://www.olx.co.id/item/7062261,Vespa Sprint 150 i-Get ABS 2019 Putih,Sprint 150 iget abs 2019 surat lengkap bpkb stnk pajak on,2019,39500000.0,False,22000,Hidup / Panjang,True,True,,DKI Jakarta,Jakarta Timur,Individual,Vespa (Piaggio),Sprint,Sprint 150 i-Get (ABS)
128,olx,sim_olx_9716842_0_77,https://www.olx.co.id/item/9716842,Vespa Sprint 150 3V 2016 Kuning,Sprint 3v 2016 surat lengkap bpkb stnk kunci lengkap,2016,32000000.0,False,36000,Unknown,True,True,,DKI Jakarta,Jakarta Barat,Individual,Vespa (Piaggio),Sprint,Sprint 150 3V ie
129,olx,sim_olx_2870679_0_78,https://www.olx.co.id/item/2870679,Vespa Primavera 150 i-Get ABS 2022 Green Relax,Primavera 150 iget abs 2022 green relax tangan 1 surat lengkap,2022,44500000.0,False,9000,Unknown,True,True,,DKI Jakarta,Jakarta Selatan,Individual,Vespa (Piaggio),Primavera,Primavera 150 i-Get (ABS / S)
130,olx,sim_olx_4344968_0_79,https://www.olx.co.id/item/4344968,Vespa Primavera 150 i-Get 2020 Putih,Primavera iget 2020 orisinil pabrik bpkb stnk faktur ready siap pakai,2020,41000000.0,False,17000,Unknown,True,True,,DKI Jakarta,Jakarta Pusat,Individual,Vespa (Piaggio),Primavera,Primavera 150 i-Get (ABS / S)
131,olx,sim_olx_8354159_0_80,https://www.olx.co.id/item/8354159,Vespa Primavera 150 3V 2016 Biru Midnight,Primavera 3v 2016 mesin sehat surat lengkap pajak on,2016,30500000.0,False,39000,Hidup / Panjang,True,True,,Jawa Barat,Depok,Individual,Vespa (Piaggio),Primavera,Primavera 150 3V ie
132,olx,sim_olx_7480144_0_81,https://www.olx.co.id/item/7480144,Vespa LX 125 i-Get 2023 Grey Delicato,LX 125 iget 2023 km 6rb seperti baru surat komplit,2023,38500000.0,False,6000,Unknown,True,True,,DKI Jakarta,Jakarta Selatan,Individual,Vespa (Piaggio),LX,LX 125 i-Get
133,olx,sim_olx_8053020_0_82,https://www.olx.co.id/item/8053020,Vespa LX 125 i-Get 2022 Merah,LX 125 iget 2022 km 9rb jarang pakai surat komplit tangan pertama,2022,36000000.0,False,9000,Unknown,True,True,,DKI Jakarta,Jakarta Timur,Individual,Vespa (Piaggio),LX,LX 125 i-Get
134,olx,sim_olx_7924266_0_83,https://www.olx.co.id/item/7924266,Vespa LX 125 i-Get 2018 Kuning,LX 125 iget 2018 bpkb stnk faktur lengkap pajak on,2018,28500000.0,False,24000,Hidup / Panjang,True,True,,DKI Jakarta,Jakarta Barat,Individual,Vespa (Piaggio),LX,LX 125 i-Get
135,olx,sim_olx_3961214_0_84,https://www.olx.co.id/item/3961214,Vespa S 125 i-Get 2022 Orange Tramonto,Vespa s 125 iget 2022 mulus tangan 1 bpkb stnk lengkap,2022,37000000.0,False,8000,Unknown,True,True,,DKI Jakarta,Jakarta Selatan,Individual,Vespa (Piaggio),S,S 125 i-Get
136,olx,sim_olx_9372091_0_85,https://www.olx.co.id/item/9372091,Vespa GTS Super 150 i-Get 2021 Hitam,GTS super 150 iget 2021 bodi besar mulus surat lengkap,2021,54000000.0,False,12000,Unknown,True,True,,DKI Jakarta,Jakarta Pusat,Individual,Vespa (Piaggio),GTS,GTS Super 150 3V / i-Get
137,olx,sim_olx_879992_0_86,https://www.olx.co.id/item/879992,Vespa GTS 300 Super Tech HPE 2022 Abu Doff,GTS 300 super tech hpe 2022 300cc tft speedometer kunci lengkap,2022,128000000.0,False,7000,Unknown,True,True,,DKI Jakarta,Jakarta Selatan,Individual,Vespa (Piaggio),GTS,GTS 300 Super Tech HPE
